{
  "train_loss": [
    0.3678592332486606,
    0.18235131635739,
    0.1670432274263829,
    0.15861108754119396,
    0.15281851411668682,
    0.14844039077244933,
    0.14519197918218485,
    0.14290704853101133,
    0.14139547369626768,
    0.1406569406733535
  ],
  "val_loss": [
    0.1595649205698263,
    0.14319567012306827,
    0.1390681725820439,
    0.13282349255661036,
    0.13013296094316765,
    0.12690765830694428,
    0.12543346242816655,
    0.12443020309777868,
    0.12350053310194271,
    0.12320738630806839
  ],
  "steps": [
    2821,
    5642,
    8463,
    11284,
    14105,
    16926,
    19747,
    22568,
    25389,
    28210
  ],
  "epochs": [
    1,
    2,
    3,
    4,
    5,
    6,
    7,
    8,
    9,
    10
  ]
}